Date,Transaction_ID,Payer_UPI,Amount,Status,Payment_Mode
2026-05-26 23:23:44,PAYTMP100136,payer495@okaxis,53.72,Success,UPI
2026-05-26 23:25:47,PAYTMP100106,payer725@okaxis,21.04,Success,UPI
2026-05-26 23:55:59,PAYTMP100033,payer921@okaxis,29.6,Success,UPI
2026-05-27 00:51:26,PAYTMP100046,payer460@okaxis,19.69,Success,UPI
2026-05-27 11:26:58,PAYTMP100016,payer883@okaxis,11.28,Failed,UPI
2026-05-27 15:33:11,PAYTMP100038,payer798@okaxis,41.79,Failed,UPI
2026-05-27 18:00:39,PAYTMP100001,payer546@okaxis,28.47,Success,UPI
2026-05-27 22:33:14,PAYTMP100031,payer486@okaxis,27.65,Failed,UPI
2026-05-27 22:35:29,PAYTMP100124,payer701@okaxis,43.06,Success,Wallet
2026-05-27 22:41:52,PAYTMP100117,payer798@okaxis,12.2,Failed,UPI
2026-05-28 02:32:12,PAYTMP100099,payer268@okaxis,13.49,Success,UPI
2026-05-28 04:25:10,PAYTMP100137,payer120@okaxis,39.75,Success,UPI
2026-05-28 05:42:00,PAYTMP100088,payer946@okaxis,32.42,Success,Wallet
2026-05-28 07:50:51,PAYTMP100049,payer243@okaxis,32.92,Failed,Net Banking
2026-05-28 08:37:02,PAYTMP100080,payer437@okaxis,44.96,Failed,Debit Card
2026-05-28 11:11:23,PAYTMP100063,payer881@okaxis,41.89,Success,UPI
2026-05-28 15:04:11,PAYTMP100084,payer782@okaxis,32.17,Failed,UPI
2026-05-28 15:22:20,PAYTMP100097,payer920@okaxis,7.6,Failed,UPI
2026-05-28 15:31:42,PAYTMP100015,payer904@okaxis,53.39,Success,UPI
2026-05-28 16:28:00,PAYTMP100112,payer421@okaxis,21.41,Success,UPI
2026-05-28 18:46:29,PAYTMP100081,payer489@okaxis,36.71,Success,UPI
2026-05-28 19:23:09,PAYTMP100068,payer498@okaxis,29.02,Success,UPI
2026-05-28 20:06:56,PAYTMP100069,payer241@okaxis,31.42,Success,UPI
2026-05-28 23:52:26,PAYTMP100121,payer938@okaxis,43.83,Failed,UPI
2026-05-29 01:37:56,PAYTMP100147,payer217@okaxis,33.21,Success,UPI
2026-05-29 01:52:26,PAYTMP100062,payer841@okaxis,11.09,Success,UPI
2026-05-29 03:15:02,PAYTMP100048,payer286@okaxis,9.93,Success,UPI
2026-05-29 03:19:08,PAYTMP100110,payer785@okaxis,48.24,Success,UPI
2026-05-29 04:32:31,PAYTMP100051,payer941@okaxis,7.68,Success,Wallet
2026-05-29 06:30:17,PAYTMP100021,payer239@okaxis,18.95,Success,UPI
2026-05-29 06:53:51,PAYTMP100056,payer939@okaxis,55.55,Success,UPI
2026-05-29 10:06:44,PAYTMP100149,payer159@okaxis,40.52,Success,UPI
2026-05-29 10:59:32,PAYTMP100070,payer363@okaxis,11.48,Success,UPI
2026-05-29 11:34:51,PAYTMP100094,payer721@okaxis,54.57,Success,UPI
2026-05-29 12:19:31,PAYTMP100148,payer421@okaxis,46.17,Success,Wallet
2026-05-29 13:37:21,PAYTMP100005,payer795@okaxis,54.98,Failed,UPI
2026-05-29 14:47:52,PAYTMP100013,payer423@okaxis,22.78,Failed,UPI
2026-05-29 18:15:24,PAYTMP100036,payer114@okaxis,41.37,Failed,Debit Card
2026-05-29 20:59:24,PAYTMP100003,payer149@okaxis,5.31,Success,UPI
2026-05-29 22:47:08,PAYTMP100014,payer968@okaxis,11.13,Success,Net Banking
2026-05-29 22:52:10,PAYTMP100067,payer588@okaxis,24.49,Success,Credit Card
2026-05-29 23:34:29,PAYTMP100082,payer939@okaxis,37.61,Success,Credit Card
2026-05-30 00:30:34,PAYTMP100053,payer812@okaxis,24.27,Failed,UPI
2026-05-30 04:21:26,PAYTMP100010,payer765@okaxis,40.71,Success,Wallet
2026-05-30 12:34:07,PAYTMP100102,payer112@okaxis,51.56,Success,Wallet
2026-05-30 14:05:06,PAYTMP100002,payer808@okaxis,30.1,Success,Credit Card
2026-05-30 20:36:00,PAYTMP100091,payer217@okaxis,52.44,Failed,UPI
2026-05-30 21:38:18,PAYTMP100119,payer836@okaxis,58.6,Success,UPI
2026-05-30 23:49:12,PAYTMP100134,payer566@okaxis,28.11,Success,UPI
2026-05-31 03:51:25,PAYTMP100085,payer370@okaxis,25.63,Success,Net Banking
2026-05-31 05:47:49,PAYTMP100065,payer638@okaxis,25.71,Success,Credit Card
2026-05-31 06:05:10,PAYTMP100073,payer775@okaxis,55.85,Success,UPI
2026-05-31 10:54:25,PAYTMP100144,payer781@okaxis,34.28,Failed,Credit Card
2026-05-31 15:01:22,PAYTMP100096,payer327@okaxis,53.11,Success,Debit Card
2026-05-31 17:17:56,PAYTMP100105,payer580@okaxis,40.99,Success,UPI
2026-06-01 02:41:59,PAYTMP100006,payer742@okaxis,26.93,Success,UPI
2026-06-01 02:52:23,PAYTMP100043,payer210@okaxis,35.74,Success,UPI
2026-06-01 05:37:49,PAYTMP100118,payer470@okaxis,55.26,Success,UPI
2026-06-01 09:56:37,PAYTMP100012,payer673@okaxis,8.12,Success,UPI
2026-06-01 11:57:41,PAYTMP100109,payer232@okaxis,16.33,Success,Wallet
2026-06-01 12:08:06,PAYTMP100022,payer914@okaxis,25.28,Success,UPI
2026-06-01 16:23:26,PAYTMP100037,payer964@okaxis,56.63,Success,UPI
2026-06-01 17:49:09,PAYTMP100113,payer427@okaxis,8.94,Success,UPI
2026-06-01 18:21:04,PAYTMP100066,payer659@okaxis,36.9,Success,Credit Card
2026-06-01 19:17:08,PAYTMP100076,payer228@okaxis,35.81,Success,Wallet
2026-06-01 19:50:38,PAYTMP100039,payer663@okaxis,30.4,Success,UPI
2026-06-02 07:02:24,PAYTMP100023,payer911@okaxis,24.19,Failed,UPI
2026-06-02 10:55:56,PAYTMP100075,payer955@okaxis,49.12,Success,UPI
2026-06-02 12:21:19,PAYTMP100108,payer446@okaxis,57.63,Success,UPI
2026-06-02 12:21:27,PAYTMP100060,payer429@okaxis,5.36,Failed,Debit Card
2026-06-02 16:54:53,PAYTMP100041,payer713@okaxis,57.55,Success,UPI
2026-06-02 23:48:00,PAYTMP100133,payer612@okaxis,39.27,Success,Credit Card
2026-06-03 00:40:12,PAYTMP100114,payer391@okaxis,49.62,Failed,UPI
2026-06-03 05:17:43,PAYTMP100120,payer763@okaxis,47.8,Success,UPI
2026-06-03 07:50:08,PAYTMP100142,payer637@okaxis,17.98,Success,UPI
2026-06-03 09:13:15,PAYTMP100057,payer298@okaxis,19.09,Success,UPI
2026-06-03 10:57:26,PAYTMP100050,payer323@okaxis,47.92,Success,Net Banking
2026-06-03 14:52:52,PAYTMP100139,payer670@okaxis,55.63,Success,UPI
2026-06-03 17:22:57,PAYTMP100030,payer668@okaxis,36.75,Success,UPI
2026-06-03 23:55:51,PAYTMP100061,payer641@okaxis,59.77,Success,Net Banking
2026-06-04 08:26:03,PAYTMP100045,payer879@okaxis,6.08,Failed,Wallet
2026-06-04 08:35:13,PAYTMP100140,payer901@okaxis,13.92,Success,UPI
2026-06-04 12:03:47,PAYTMP100052,payer598@okaxis,51.42,Success,UPI
2026-06-04 22:46:48,PAYTMP100059,payer454@okaxis,15.83,Success,Credit Card
2026-06-05 01:40:14,PAYTMP100035,payer666@okaxis,25.09,Success,UPI
2026-06-05 02:16:11,PAYTMP100093,payer589@okaxis,10.64,Success,UPI
2026-06-05 10:24:16,PAYTMP100092,payer443@okaxis,57.22,Failed,UPI
2026-06-05 10:24:44,PAYTMP100054,payer252@okaxis,43.73,Failed,UPI
2026-06-05 11:20:09,PAYTMP100122,payer894@okaxis,28.7,Success,Credit Card
2026-06-05 14:56:50,PAYTMP100047,payer175@okaxis,32.61,Success,UPI
2026-06-05 16:08:11,PAYTMP100138,payer829@okaxis,6.49,Success,UPI
2026-06-05 19:46:44,PAYTMP100116,payer819@okaxis,22.51,Success,Wallet
2026-06-06 00:33:56,PAYTMP100024,payer114@okaxis,27.14,Success,UPI
2026-06-06 03:18:49,PAYTMP100026,payer157@okaxis,35.74,Success,UPI
2026-06-06 09:11:44,PAYTMP100115,payer476@okaxis,14.93,Failed,Wallet
2026-06-07 04:46:05,PAYTMP100058,payer292@okaxis,18.63,Success,Wallet
2026-06-07 05:40:13,PAYTMP100098,payer870@okaxis,20.94,Success,UPI
2026-06-07 05:45:22,PAYTMP100083,payer110@okaxis,42.61,Success,Debit Card
2026-06-07 11:58:43,PAYTMP100042,payer700@okaxis,28.56,Success,Net Banking
2026-06-07 13:38:24,PAYTMP100095,payer513@okaxis,12.14,Failed,Credit Card
2026-06-07 14:22:34,PAYTMP100028,payer580@okaxis,25.42,Success,UPI
2026-06-07 18:01:28,PAYTMP100129,payer802@okaxis,19.71,Success,UPI
2026-06-07 18:33:55,PAYTMP100090,payer157@okaxis,33.38,Success,UPI
2026-06-07 21:19:26,PAYTMP100008,payer835@okaxis,34.74,Success,Credit Card
2026-06-08 01:24:08,PAYTMP100072,payer299@okaxis,51.83,Success,UPI
2026-06-08 02:26:28,PAYTMP100040,payer547@okaxis,49.69,Success,UPI
2026-06-08 04:28:42,PAYTMP100000,payer684@okaxis,59.78,Success,UPI
2026-06-08 11:42:44,PAYTMP100087,payer141@okaxis,31.88,Success,UPI
2026-06-08 17:36:45,PAYTMP100034,payer217@okaxis,31.63,Success,Net Banking
2026-06-08 23:01:54,PAYTMP100111,payer748@okaxis,21.84,Failed,UPI
2026-06-08 23:34:36,PAYTMP100025,payer959@okaxis,26.76,Success,UPI
2026-06-09 00:46:33,PAYTMP100078,payer672@okaxis,39.97,Success,UPI
2026-06-09 07:04:55,PAYTMP100103,payer412@okaxis,33.0,Failed,UPI
2026-06-11 01:33:03,PAYTMP100143,payer201@okaxis,33.29,Success,Wallet
2026-06-11 03:23:46,PAYTMP100020,payer871@okaxis,14.88,Success,UPI
2026-06-11 07:58:29,PAYTMP100132,payer141@okaxis,14.49,Failed,Credit Card
2026-06-11 08:07:06,PAYTMP100029,payer390@okaxis,14.8,Success,UPI
2026-06-11 11:17:01,PAYTMP100126,payer468@okaxis,13.19,Success,Net Banking
2026-06-11 16:47:27,PAYTMP100130,payer479@okaxis,7.32,Failed,UPI
2026-06-11 21:52:53,PAYTMP100019,payer326@okaxis,34.92,Success,UPI
2026-06-11 23:57:14,PAYTMP100032,payer141@okaxis,57.02,Success,UPI
2026-06-12 12:28:11,PAYTMP100018,payer936@okaxis,21.25,Failed,Wallet
2026-06-12 22:45:11,PAYTMP100004,payer802@okaxis,34.45,Success,UPI
2026-06-12 23:38:05,PAYTMP100007,payer432@okaxis,57.55,Success,UPI
2026-06-13 00:04:05,PAYTMP100089,payer213@okaxis,52.47,Failed,UPI
2026-06-13 02:54:04,PAYTMP100009,payer377@okaxis,41.19,Failed,Net Banking
2026-06-13 14:49:10,PAYTMP100104,payer249@okaxis,24.04,Success,UPI
2026-06-13 22:45:42,PAYTMP100131,payer394@okaxis,15.42,Success,UPI
2026-06-14 04:03:46,PAYTMP100017,payer506@okaxis,46.31,Success,UPI
2026-06-14 21:40:46,PAYTMP100074,payer366@okaxis,37.69,Success,UPI
2026-06-14 23:48:33,PAYTMP100135,payer344@okaxis,49.37,Success,Wallet
2026-06-15 00:00:23,PAYTMP100127,payer976@okaxis,33.92,Success,Wallet
2026-06-15 11:39:55,PAYTMP100141,payer411@okaxis,6.99,Success,UPI
2026-06-15 19:14:12,PAYTMP100064,payer566@okaxis,38.33,Success,UPI
2026-06-16 16:24:43,PAYTMP100145,payer763@okaxis,47.94,Success,Credit Card
2026-06-17 09:20:59,PAYTMP100011,payer709@okaxis,37.7,Success,UPI
2026-06-17 15:52:23,PAYTMP100123,payer672@okaxis,24.3,Success,Wallet
2026-06-17 23:59:55,PAYTMP100146,payer207@okaxis,56.77,Success,UPI
2026-06-18 03:19:06,PAYTMP100044,payer906@okaxis,19.11,Failed,UPI
2026-06-18 03:58:30,PAYTMP100086,payer650@okaxis,17.34,Success,UPI
2026-06-18 10:09:30,PAYTMP100101,payer567@okaxis,50.45,Success,Wallet
2026-06-18 17:52:46,PAYTMP100055,payer216@okaxis,39.56,Success,UPI
2026-06-19 05:06:41,PAYTMP100027,payer993@okaxis,12.91,Success,UPI
2026-06-19 06:11:54,PAYTMP100107,payer203@okaxis,36.37,Success,UPI
2026-06-19 19:45:24,PAYTMP100071,payer910@okaxis,22.48,Success,UPI
2026-06-20 04:18:09,PAYTMP100100,payer838@okaxis,5.3,Failed,UPI
2026-06-20 14:59:48,PAYTMP100077,payer401@okaxis,40.65,Success,Wallet
2026-06-21 14:40:51,PAYTMP100079,payer543@okaxis,9.39,Success,UPI
2026-06-22 15:54:11,PAYTMP100125,payer216@okaxis,37.51,Success,UPI
2026-06-23 10:19:25,PAYTMP100128,payer878@okaxis,11.35,Success,Wallet
